Date,Open,High,Low,Close,AdjClose,Volume
Jul 2 2025,131.48,133.60,130.20,132.12,132.12,58641958
Jul 1 2025,135.27,136.32,128.51,130.68,130.68,91479700
Jun 30 2025,137.79,138.88,134.80,136.32,136.32,97305600
Jun 27 2025,144.87,144.97,130.54,130.74,130.74,202598600
Jun 26 2025,144.85,148.21,142.91,144.25,144.25,69440500
Jun 25 2025,144.49,147.67,141.53,142.90,142.90,61435300
Jun 24 2025,140.98,143.66,137.80,143.23,143.23,58574200
Jun 23 2025,138.90,142.15,135.96,139.92,139.92,70501100
Jun 20 2025,140.69,142.24,136.74,137.30,137.30,87067000
Jun 18 2025,139.04,140.36,137.49,139.96,139.96,58260200
Jun 17 2025,141.49,141.69,136.08,138.20,138.20,70479100
Jun 16 2025,140.03,144.86,139.81,141.41,141.41,80779800
Jun 13 2025,133.82,139.99,133.35,137.40,137.40,93519000
Jun 12 2025,136.40,137.10,134.63,135.19,135.19,56248200
Jun 11 2025,133.92,140.00,132.99,136.39,136.39,97366000
Jun 10 2025,131.02,134.07,129.41,132.81,132.81,69308900
Jun 9 2025,127.07,132.23,124.80,132.06,132.06,74785600
Jun 6 2025,123.73,128.13,121.92,127.72,127.72,87175100
Jun 5 2025,129.27,132.85,118.93,119.91,119.91,131055900
Jun 4 2025,132.80,132.95,125.58,130.01,130.01,97306300
Jun 3 2025,133.07,135.28,130.10,133.17,133.17,91297700
Jun 2 2025,131.43,134.48,128.86,132.04,132.04,93218700
May 30 2025,123.53,131.94,122.75,131.78,131.78,185897600
May 29 2025,125.35,126.47,121.53,122.32,122.32,63137900
May 28 2025,124.23,125.65,122.91,123.76,123.76,64866000
May 27 2025,126.82,127.88,120.88,123.39,123.39,86455200
May 23 2025,120.88,125.54,120.68,123.31,123.31,65905800
May 22 2025,121.95,126.33,121.38,122.29,122.29,75498300
May 21 2025,125.16,127.11,119.41,120.58,120.58,80657700
May 20 2025,127.22,128.20,124.65,125.59,125.59,61265300
May 19 2025,124.71,127.77,124.32,126.33,126.33,72503900
May 16 2025,129.23,130.33,126.76,129.52,129.52,57003700
May 15 2025,128.37,130.20,125.74,128.12,128.12,69503000
May 14 2025,129.01,133.49,127.56,130.18,130.18,96611500
May 13 2025,119.92,130.60,119.31,128.10,128.10,147155400
May 12 2025,120.78,120.93,115.01,118.46,118.46,94257300
May 9 2025,118.97,119.16,114.90,117.30,117.30,81005300
May 8 2025,112.28,120.38,112.07,119.15,119.15,126966200
May 7 2025,107.97,111.85,107.00,110.48,110.48,95428800
May 6 2025,112.71,113.91,105.32,108.86,108.86,201193400
May 5 2025,123.70,125.25,121.36,123.77,123.77,135961300
May 2 2025,118.66,124.42,118.63,124.28,124.28,103094300
May 1 2025,120.04,120.19,116.00,116.20,116.20,90677600
Apr 30 2025,111.61,118.78,110.54,118.44,118.44,109461700
Apr 29 2025,113.98,117.23,113.24,116.08,116.08,79709000
Apr 28 2025,113.78,114.86,108.87,114.65,114.65,111082900
Apr 25 2025,108.05,112.88,106.55,112.78,112.78,103933800
Apr 24 2025,101.53,108.00,100.91,107.78,107.78,103190700
Apr 23 2025,98.86,103.76,97.83,100.82,100.82,112909500
Apr 22 2025,93.01,96.34,91.35,93.99,93.99,91185400
Apr 21 2025,92.84,96.47,89.31,90.80,90.80,83831100
Apr 17 2025,94.71,95.11,92.27,93.78,93.78,83991800
Apr 16 2025,96.28,97.30,89.62,92.71,92.71,121997600
Apr 15 2025,93.53,98.99,93.05,98.40,98.40,118457700
Apr 14 2025,95.80,97.33,91.46,92.62,92.62,122836900
Apr 11 2025,87.98,89.55,85.47,88.55,88.55,95130700
Apr 10 2025,88.40,90.78,84.14,88.59,88.59,124448200
Apr 9 2025,78.19,93.33,77.27,92.01,92.01,187244300
Apr 8 2025,83.29,86.11,75.22,77.32,77.32,135345600
Apr 7 2025,66.65,81.80,66.12,77.84,77.84,169083700
Apr 4 2025,80.07,80.98,71.93,74.01,74.01,147323200
Apr 3 2025,81.25,85.68,81.01,83.60,83.60,93878200
Apr 2 2025,82.40,88.40,82.30,87.45,87.45,96563100
Apr 1 2025,83.89,85.28,81.82,84.68,84.68,78980700
Mar 31 2025,80.00,84.65,78.75,84.40,84.40,108092900
Mar 28 2025,89.34,89.38,84.10,85.85,85.85,91091700
Mar 27 2025,91.01,93.65,89.67,90.09,90.09,82823000
Mar 26 2025,96.29,97.30,90.82,92.28,92.28,81428600
Mar 25 2025,97.22,98.17,95.08,96.50,96.50,78015300
Mar 24 2025,93.40,97.39,92.28,96.75,96.75,112164700
Mar 21 2025,85.85,91.07,84.46,90.96,90.96,116748700
Mar 20 2025,85.54,89.80,85.12,87.39,87.39,105547400
Mar 19 2025,84.55,87.99,82.86,86.10,86.10,89797400
Mar 18 2025,85.78,86.17,81.80,83.89,83.89,93236500
Mar 17 2025,88.44,88.82,84.50,87.35,87.35,99348900
Mar 14 2025,82.97,87.27,82.16,86.24,86.24,113985000
Mar 13 2025,82.85,83.74,78.32,79.62,79.62,100927200
Mar 12 2025,83.48,84.55,79.86,83.65,83.65,116525100
Mar 11 2025,75.79,80.75,75.53,78.05,78.05,109351500
Mar 10 2025,82.00,82.69,74.57,76.38,76.38,136843800
Mar 7 2025,80.03,85.16,79.15,84.91,84.91,105377100
Mar 6 2025,87.50,88.34,80.01,80.46,80.46,117340600
Mar 5 2025,86.35,90.30,82.50,90.13,90.13,116053000
Mar 4 2025,80.16,88.50,79.30,84.40,84.40,116800300
Mar 3 2025,88.55,90.48,82.53,83.42,83.42,114573900
Feb 28 2025,79.98,85.18,78.58,84.92,84.92,125977400
Feb 27 2025,91.91,93.62,84.17,84.77,84.77,99680500
Feb 26 2025,89.16,91.69,87.59,89.31,89.31,94428700
Feb 25 2025,90.65,91.70,85.25,87.84,87.84,132626300
Feb 24 2025,95.88,99.01,89.30,90.68,90.68,184485000
Feb 21 2025,107.68,109.07,100.00,101.35,101.35,129063200
Feb 20 2025,102.91,107.40,95.80,106.27,106.27,243093900
Feb 19 2025,123.86,125.41,108.56,112.06,112.06,147487300
Feb 18 2025,120.94,125.00,118.43,124.62,124.62,84227200
Feb 14 2025,117.90,120.67,116.80,119.16,119.16,65528900
Feb 13 2025,117.31,118.39,115.15,117.91,117.91,60027000
Feb 12 2025,110.29,117.59,110.00,117.39,117.39,75316900
Feb 11 2025,116.50,118.66,112.10,112.62,112.62,94311700
Feb 10 2025,112.03,116.76,108.72,116.65,116.65,99938100
Feb 7 2025,111.66,116.30,110.45,110.85,110.85,143795400
Feb 6 2025,101.09,111.54,100.26,111.28,111.28,128217500
Feb 5 2025,101.78,103.57,99.32,101.36,101.36,90628300
Feb 4 2025,102.80,106.91,100.51,103.83,103.83,230806800
Feb 3 2025,80.13,84.25,78.47,83.74,83.74,126592700
Jan 31 2025,81.00,85.22,80.87,82.49,82.49,79000200
Jan 30 2025,80.02,81.83,79.38,81.22,81.22,46067500
Jan 29 2025,79.95,80.82,77.81,79.76,79.76,49262200
Jan 28 2025,75.54,80.74,74.04,80.23,80.23,65916700
Jan 27 2025,74.07,76.72,72.67,75.44,75.44,76093300
Jan 24 2025,79.05,82.24,78.44,78.98,78.98,77931900
Jan 23 2025,76.04,79.00,75.84,78.98,78.98,55937900
Jan 22 2025,74.50,77.16,73.80,76.87,76.87,66876400
Jan 21 2025,73.24,73.64,70.60,73.07,73.07,56229000
Jan 17 2025,70.90,72.34,69.95,71.77,71.77,54754000
Jan 16 2025,69.08,71.43,68.36,69.24,69.24,62908700
Jan 15 2025,68.55,68.85,67.08,68.14,68.14,56025800
Jan 14 2025,67.18,68.23,65.19,65.91,65.91,56814900
Jan 13 2025,64.29,65.68,63.40,64.98,64.98,69046300
Jan 10 2025,66.01,68.20,65.04,67.26,67.26,78148600
Jan 8 2025,68.12,69.53,66.51,68.23,68.23,91349500
Jan 7 2025,75.20,75.39,69.75,69.99,69.99,91727300
Jan 6 2025,78.69,80.06,74.61,75.92,75.92,105619500
Jan 3 2025,75.39,79.98,75.19,79.89,79.89,62415000
Jan 2 2025,76.20,76.53,72.42,75.19,75.19,72217200
Dec 31 2024,77.58,77.98,73.65,75.63,75.63,56267900
Dec 30 2024,77.04,79.24,76.11,77.18,77.18,60850900
Dec 27 2024,81.42,82.00,77.93,79.08,79.08,66975900
Dec 26 2024,83.16,83.49,81.30,82.14,82.14,60377100
Dec 24 2024,81.09,84.80,81.00,82.38,82.38,64983300
Dec 23 2024,80.65,82.02,77.41,80.69,80.69,93819500
Dec 20 2024,72.64,80.66,71.50,80.55,80.55,281230800
Dec 19 2024,73.99,76.59,73.37,74.21,74.21,99524300
Dec 18 2024,74.30,77.60,70.27,71.51,71.51,109643400
Dec 17 2024,73.28,75.32,71.70,74.39,74.39,75469400
Dec 16 2024,75.06,77.82,71.16,75.75,75.75,126099600
Dec 13 2024,73.49,76.10,72.45,76.07,76.07,76172800
Dec 12 2024,72.30,75.38,71.90,73.20,73.20,73859700
Dec 11 2024,72.98,73.00,68.07,72.51,72.51,89477700
Dec 10 2024,71.99,75.56,70.73,70.89,70.89,89672500
Dec 9 2024,80.58,80.91,71.05,72.46,72.46,168134800
Dec 6 2024,72.95,76.82,72.28,76.34,76.34,93640900
Dec 5 2024,70.11,72.98,69.89,71.87,71.87,66585800
Dec 4 2024,71.13,71.18,67.28,69.85,69.85,86284800
Dec 3 2024,66.41,71.37,66.15,70.96,70.96,100751400
Dec 2 2024,67.44,67.88,65.96,66.39,66.39,46405000
Nov 29 2024,65.89,67.16,65.47,67.08,67.08,30104000
Nov 27 2024,66.24,67.56,64.24,66.05,66.05,53839900
Nov 26 2024,64.57,65.85,63.89,65.74,65.74,46923600
Nov 25 2024,66.90,67.88,64.08,64.65,64.65,80640500
Nov 22 2024,61.60,64.44,61.37,64.35,64.35,61381700
Nov 21 2024,62.04,63.40,60.90,61.36,61.36,56336700
Nov 20 2024,62.59,63.08,59.96,62.12,62.12,59182200
Nov 19 2024,59.51,63.01,59.26,62.98,62.98,75557800
Nov 18 2024,64.92,64.92,58.85,61.26,61.26,137877600
Nov 15 2024,61.01,66.00,60.91,65.77,65.77,155280400
Nov 14 2024,61.05,61.17,58.53,59.18,59.18,59968200
Nov 13 2024,61.52,63.39,59.85,60.70,60.70,85937400
Nov 12 2024,59.01,60.09,58.57,59.85,59.85,59061300
Nov 11 2024,60.13,62.08,58.69,60.24,60.24,108357800
Nov 8 2024,55.57,58.48,55.30,58.39,58.39,84124000
Nov 7 2024,55.82,56.47,53.55,55.88,55.88,121591200
Nov 6 2024,53.44,55.69,51.61,55.53,55.53,114255900
Nov 5 2024,47.86,51.58,46.86,51.13,51.13,208868200
Nov 4 2024,41.08,42.04,41.03,41.41,41.41,75413300
Nov 1 2024,41.93,42.57,41.59,41.92,41.92,33722500
Oct 31 2024,42.79,43.32,40.90,41.56,41.56,50973400
Oct 30 2024,44.58,44.80,43.61,43.69,43.69,31309200
Oct 29 2024,44.90,45.07,44.04,44.93,44.93,26154700
Oct 28 2024,45.05,45.14,44.68,44.97,44.97,36729700
Oct 25 2024,43.85,45.07,43.65,44.86,44.86,50416500
Oct 24 2024,42.89,43.73,42.66,43.56,43.56,34079600
Oct 23 2024,42.85,43.68,42.06,42.59,42.59,35647000
Oct 22 2024,42.69,43.49,42.30,42.94,42.94,27830700
Oct 21 2024,42.86,43.40,42.41,42.70,42.70,30719800
Oct 18 2024,42.01,42.99,41.65,42.97,42.97,33969000
Oct 17 2024,42.15,42.70,41.61,42.00,42.00,34028400
Oct 16 2024,42.40,42.49,40.36,41.93,41.93,59157900
Oct 15 2024,43.47,43.68,41.51,42.43,42.43,48297000
Oct 14 2024,43.72,44.39,43.28,43.40,43.40,41010900
Oct 11 2024,43.40,44.38,42.62,43.51,43.51,66206900
Oct 10 2024,42.92,43.88,42.41,43.52,43.52,62516300
Oct 9 2024,41.55,43.34,41.21,43.13,43.13,86404700
Oct 8 2024,39.29,41.49,39.01,41.45,41.45,62542900
Oct 7 2024,39.90,40.15,38.78,38.89,38.89,44124800
Oct 4 2024,39.65,40.29,39.40,40.01,40.01,62532500
Oct 3 2024,37.45,39.29,37.37,39.24,39.24,57196400
Oct 2 2024,36.30,37.68,36.15,37.49,37.49,34988900
Oct 1 2024,37.21,37.56,36.05,36.46,36.46,52858000
Sep 30 2024,36.58,37.32,36.15,37.20,37.20,42110200
Sep 27 2024,36.91,37.47,36.59,36.84,36.84,43219100
Sep 26 2024,37.26,37.44,36.60,37.10,37.10,48602000
Sep 25 2024,36.89,37.18,36.38,37.12,37.12,46511700
Sep 24 2024,37.97,37.98,36.43,36.90,36.90,79519200
Sep 23 2024,36.86,38.19,36.57,37.95,37.95,79460700
Sep 20 2024,36.01,37.29,35.71,37.20,37.20,450290500
Sep 19 2024,37.00,37.35,36.20,36.83,36.83,59882000
Sep 18 2024,35.90,37.11,35.87,36.38,36.38,66279800
Sep 17 2024,37.00,37.05,35.87,36.45,36.45,64461800
Sep 16 2024,35.78,36.92,35.56,36.31,36.31,74767300
Sep 13 2024,34.97,36.01,34.89,35.59,35.59,49727200
Sep 12 2024,34.86,35.40,34.53,34.91,34.91,54391800
Sep 11 2024,34.01,34.87,33.62,34.85,34.85,68302300
Sep 10 2024,34.81,35.20,33.71,34.76,34.76,91721000
Sep 9 2024,32.70,34.70,32.47,34.60,34.60,140582500
Sep 6 2024,30.60,31.04,29.50,30.33,30.33,50946800
Sep 5 2024,30.24,30.74,30.01,30.16,30.16,24012300
Sep 4 2024,30.00,30.85,29.31,30.59,30.59,33419500
Sep 3 2024,31.35,31.59,30.17,30.51,30.51,34531600
Aug 30 2024,31.05,31.50,30.70,31.48,31.48,42388000
Aug 29 2024,30.65,31.82,30.48,31.00,31.00,39733000
Aug 28 2024,30.62,30.80,29.75,30.36,30.36,33961400
Aug 27 2024,30.55,31.12,30.38,30.84,30.84,23541300
Aug 26 2024,31.43,31.74,30.79,30.85,30.85,35283600
Aug 23 2024,31.99,32.55,31.62,31.78,31.78,34121200
Aug 22 2024,32.55,33.13,31.85,31.92,31.92,43522200
Aug 21 2024,32.32,32.67,31.97,32.54,32.54,38147600
Aug 20 2024,32.50,32.72,31.63,32.32,32.32,40783000
Aug 19 2024,32.42,32.59,31.81,32.50,32.50,52353600
Aug 16 2024,31.04,32.75,30.98,32.08,32.08,64870600
Aug 15 2024,31.31,31.50,30.83,31.22,31.22,43407600
Aug 14 2024,30.62,31.37,30.33,31.00,31.00,49885600
Aug 13 2024,29.79,30.85,29.56,30.39,30.39,57294200
Aug 12 2024,30.22,31.20,29.27,29.38,29.38,67890300
Aug 9 2024,29.28,30.36,29.10,30.01,30.01,88131100
Aug 8 2024,27.04,29.38,26.69,29.28,29.28,96892900
Aug 7 2024,27.07,28.36,26.24,26.32,26.32,75975400
Aug 6 2024,27.05,27.42,25.57,26.59,26.59,99622700
Aug 5 2024,21.74,24.42,21.23,24.09,24.09,88023500
Aug 2 2024,24.75,24.87,23.75,24.74,24.74,56092600
Aug 1 2024,27.02,27.53,25.83,26.08,26.08,31189600
Jul 31 2024,27.02,27.39,26.88,26.89,26.89,29111600
Jul 30 2024,27.25,27.44,25.89,26.37,26.37,31819900
Jul 29 2024,27.56,27.80,26.73,27.08,27.08,26038800
Jul 26 2024,27.00,27.34,26.77,27.18,27.18,27432200
Jul 25 2024,26.04,27.29,25.42,26.63,26.63,45474600
Jul 24 2024,28.44,28.68,26.58,26.60,26.60,49004100
Jul 23 2024,28.34,29.19,28.31,28.81,28.81,31134300
Jul 22 2024,28.93,28.97,27.69,28.46,28.46,38037800
Jul 19 2024,28.31,29.60,28.27,28.58,28.58,49581600
Jul 18 2024,28.42,29.83,28.15,28.64,28.64,76485600
Jul 17 2024,28.00,28.87,27.60,28.22,28.22,45203500
Jul 16 2024,28.18,28.84,27.47,28.67,28.67,59330700
Jul 15 2024,28.42,29.30,27.90,28.67,28.67,49186300
Jul 12 2024,27.32,28.13,27.28,28.07,28.07,30760300
Jul 11 2024,28.49,28.59,26.90,27.64,27.64,61546100
Jul 10 2024,27.50,28.47,27.37,28.42,28.42,43231000
Jul 9 2024,27.93,28.38,27.23,27.39,27.39,53067100
Jul 8 2024,27.93,27.99,26.84,27.70,27.70,59611200
Jul 5 2024,26.00,27.25,25.98,27.23,27.23,46703700
Jul 3 2024,25.96,26.27,25.76,25.85,25.85,18433800
Jul 2 2024,25.84,26.43,25.75,25.83,25.83,32148200
Jul 1 2024,25.48,26.02,25.14,25.88,25.88,33167900
Jun 28 2024,25.28,25.57,25.03,25.33,25.33,38886400
Jun 27 2024,24.10,25.40,24.05,25.22,25.22,37882900
Jun 26 2024,24.47,24.66,24.02,24.10,24.10,24331400
Jun 25 2024,24.16,24.63,23.92,24.56,24.56,29657200
Jun 24 2024,23.44,24.39,23.30,24.16,24.16,36477400
Jun 21 2024,24.71,26.09,23.53,23.84,23.84,69981600
Jun 20 2024,26.44,26.57,25.16,25.56,25.56,66735000
Jun 18 2024,25.15,26.02,24.83,25.82,25.82,54458600
Jun 17 2024,23.47,25.06,23.45,25.02,25.02,54101500
Jun 14 2024,23.15,23.72,22.84,23.57,23.57,26618300
Jun 13 2024,23.85,24.14,23.15,23.27,23.27,26035100
Jun 12 2024,24.20,24.33,23.57,23.77,23.77,38542700
Jun 11 2024,23.06,23.95,22.89,23.85,23.85,30601900
Jun 10 2024,22.75,23.16,22.66,23.13,23.13,31509300
Jun 7 2024,23.24,23.57,23.06,23.31,23.31,37149900
Jun 6 2024,22.98,23.95,22.98,23.79,23.79,60400400
Jun 5 2024,22.48,22.98,22.22,22.96,22.96,39825400
Jun 4 2024,21.05,22.26,21.04,22.10,22.10,41974000
Jun 3 2024,21.70,21.79,21.00,21.32,21.32,33876100
May 31 2024,21.79,22.20,21.31,21.68,21.68,44416100
May 30 2024,21.28,21.96,21.02,21.73,21.73,47583100
May 29 2024,20.77,20.99,20.64,20.94,20.94,24834200
May 28 2024,21.06,21.22,20.73,21.05,21.05,26274200
May 24 2024,20.72,21.15,20.65,21.01,21.01,22073800
May 23 2024,21.39,21.52,20.63,20.72,20.72,36887600
May 22 2024,21.23,21.42,21.08,21.17,21.17,25212500
May 21 2024,21.34,21.45,21.12,21.24,21.24,27954000
May 20 2024,21.77,21.77,21.22,21.62,21.62,35255300
May 17 2024,21.78,22.17,21.56,21.76,21.76,30032300
May 16 2024,21.74,21.87,21.53,21.65,21.65,27416700
May 15 2024,21.73,21.81,21.18,21.67,21.67,39424000
May 14 2024,20.95,22.07,20.93,21.44,21.44,57894400
May 13 2024,20.60,21.19,20.60,20.94,20.94,37524800
May 10 2024,21.27,21.37,20.50,20.60,20.60,59845400
May 9 2024,21.49,21.58,20.94,21.14,21.14,54101900
May 8 2024,21.58,21.73,21.06,21.56,21.56,67582900
May 7 2024,21.99,22.70,21.35,21.40,21.40,161061600
May 6 2024,24.37,25.35,24.03,25.21,25.21,175936600
May 3 2024,23.48,23.64,22.91,23.33,23.33,55976400
May 2 2024,22.60,22.72,22.10,22.55,22.55,30396100
May 1 2024,21.93,22.83,21.63,22.12,22.12,34665900
Apr 30 2024,22.77,22.87,21.95,21.97,21.97,30511900
Apr 29 2024,22.75,23.09,22.55,22.83,22.83,30104900
Apr 26 2024,22.05,22.67,21.91,22.52,22.52,33119800
Apr 25 2024,20.82,21.74,20.66,21.71,21.71,26226700
Apr 24 2024,22.05,22.25,21.30,21.59,21.59,34426500
Apr 23 2024,21.25,22.06,21.23,21.64,21.64,36304600
Apr 22 2024,20.72,21.08,20.36,20.97,20.97,31894500
Apr 19 2024,20.98,21.43,20.33,20.47,20.47,39290300
Apr 18 2024,21.25,21.43,20.70,21.13,21.13,34550500
Apr 17 2024,22.01,22.11,21.22,21.31,21.31,30139800
Apr 16 2024,21.59,21.99,21.27,21.88,21.88,33869200
Apr 15 2024,22.79,23.13,21.83,21.90,21.90,38182100
Apr 12 2024,22.70,23.20,22.41,22.67,22.67,36348800
Apr 11 2024,22.65,22.91,22.25,22.84,22.84,26399400
Apr 10 2024,22.22,22.71,22.01,22.42,22.42,28642900
Apr 9 2024,23.01,23.09,22.46,22.81,22.81,27724500
Apr 8 2024,23.08,23.20,22.67,23.00,23.00,25022700
Apr 5 2024,22.42,23.32,22.31,22.96,22.96,38565800
Apr 4 2024,23.82,24.10,22.40,22.48,22.48,64995300
Apr 3 2024,22.44,23.01,22.38,22.70,22.70,30357400
Apr 2 2024,22.00,22.79,21.72,22.72,22.72,39770600
Apr 1 2024,22.98,23.21,22.40,22.86,22.86,41000000
Mar 28 2024,24.17,24.28,22.94,23.01,23.01,70008200
Mar 27 2024,25.00,25.48,24.26,24.51,24.51,38600100
Mar 26 2024,24.76,25.47,24.47,24.89,24.89,43610500
Mar 25 2024,24.12,24.62,24.05,24.51,24.51,29255900
Mar 22 2024,24.20,24.48,24.02,24.18,24.18,25354300
Mar 21 2024,25.30,25.33,24.44,24.49,24.49,37099600
Mar 20 2024,23.77,24.65,23.67,24.57,24.57,40273800
Mar 19 2024,23.50,23.83,22.92,23.80,23.80,43247200
Mar 18 2024,23.77,24.18,23.32,24.00,24.00,44083000
Mar 15 2024,23.85,24.10,23.42,23.49,23.49,61270500
Mar 14 2024,24.83,24.97,24.14,24.43,24.43,49214800
Mar 13 2024,24.70,25.44,24.60,25.00,25.00,59713000
Mar 12 2024,25.57,25.64,24.35,24.70,24.70,75202600
Mar 11 2024,25.89,26.83,25.29,25.35,25.35,60829300
Mar 8 2024,27.19,27.28,25.81,26.04,26.04,83969300
Mar 7 2024,27.01,27.50,26.38,26.46,26.46,117519300
Mar 6 2024,25.75,26.75,24.53,26.16,26.16,207386900
Mar 5 2024,23.96,24.41,23.43,23.81,23.81,49542300
Mar 4 2024,24.40,24.58,23.53,24.04,24.04,64320000
Mar 1 2024,25.30,25.69,24.53,24.93,24.93,63090500
Feb 29 2024,24.81,25.29,24.36,25.08,25.08,62753300
Feb 28 2024,24.52,24.84,24.25,24.42,24.42,47314000
Feb 27 2024,23.76,24.62,23.72,24.53,24.53,64967400
Feb 26 2024,23.03,23.88,22.94,23.56,23.56,46499500
Feb 23 2024,23.53,24.07,22.82,22.97,22.97,48840800
Feb 22 2024,23.77,23.95,23.05,23.59,23.59,64458200
Feb 21 2024,22.30,22.93,22.29,22.74,22.74,60411500
Feb 20 2024,23.84,24.00,22.72,23.40,23.40,93374300
Feb 16 2024,24.96,25.50,24.39,24.44,24.44,65212100
Feb 15 2024,25.04,25.46,24.71,25.41,25.41,70544300
Feb 14 2024,24.15,25.50,23.75,25.19,25.19,97227900
Feb 13 2024,23.53,24.66,23.31,24.01,24.01,102293300
Feb 12 2024,23.91,25.52,23.82,25.05,25.05,108173000
Feb 9 2024,25.04,25.11,23.57,24.38,24.38,149062000
Feb 8 2024,23.96,25.06,23.32,24.51,24.51,212671100
Feb 7 2024,21.60,23.87,21.38,23.60,23.60,254911100
Feb 6 2024,20.30,22.18,19.76,21.87,21.87,420501900
Feb 5 2024,17.56,17.87,16.48,16.72,16.72,167698300
Feb 2 2024,16.34,17.02,16.15,17.02,17.02,56983900
Feb 1 2024,16.21,16.49,16.03,16.33,16.33,40454400
Jan 31 2024,16.41,16.76,16.07,16.09,16.09,43582500
Jan 30 2024,17.04,17.24,16.66,16.74,16.74,36388200
Jan 29 2024,16.45,17.11,16.43,17.09,17.09,35987800
Jan 26 2024,16.40,16.75,16.34,16.35,16.35,28612200
Jan 25 2024,16.92,17.00,16.31,16.46,16.46,44589000
Jan 24 2024,17.51,17.65,16.74,16.75,16.75,42710700
Jan 23 2024,17.64,17.73,17.20,17.33,17.33,37794300
Jan 22 2024,17.46,18.35,17.43,17.60,17.60,85573900
Jan 19 2024,16.57,16.78,16.15,16.78,16.78,40538700
Jan 18 2024,16.75,16.81,16.10,16.40,16.40,35239700
Jan 17 2024,16.26,16.41,16.05,16.39,16.39,30832800
Jan 16 2024,16.59,16.74,16.29,16.53,16.53,32659300
Jan 12 2024,16.68,17.06,16.62,16.76,16.76,33861400
Jan 11 2024,16.81,16.93,16.17,16.68,16.68,39552400
Jan 10 2024,16.50,17.03,16.40,16.79,16.79,41254400
Jan 9 2024,16.51,16.63,16.28,16.39,16.39,35794500
Jan 8 2024,16.22,16.89,16.14,16.67,16.67,49090000
Jan 5 2024,15.70,16.13,15.66,15.98,15.98,57628800
Jan 4 2024,16.05,16.58,15.95,16.25,16.25,39937700
Jan 3 2024,16.12,16.38,16.01,16.09,16.09,46865200
Jan 2 2024,16.95,16.95,16.50,16.58,16.58,41626700
Dec 29 2023,17.52,17.64,17.10,17.17,17.17,38805000
Dec 28 2023,17.46,17.84,17.42,17.56,17.56,38990000
Dec 27 2023,17.78,17.91,17.45,17.47,17.47,32918400
Dec 26 2023,17.44,17.75,17.33,17.68,17.68,31750700
Dec 22 2023,17.70,17.70,17.33,17.41,17.41,33615000
Dec 21 2023,17.53,17.74,17.42,17.59,17.59,30493600
Dec 20 2023,17.87,17.92,17.19,17.25,17.25,58666900
Dec 19 2023,17.98,18.19,17.84,17.95,17.95,43530300
Dec 18 2023,18.21,18.58,17.77,17.84,17.84,60188100
Dec 15 2023,18.67,19.15,18.04,18.20,18.20,93004400
Dec 14 2023,18.17,18.58,17.72,18.21,18.21,67462800
Dec 13 2023,17.65,17.90,17.22,17.87,17.87,52682600
Dec 12 2023,17.69,17.88,17.23,17.50,17.50,46231900
Dec 11 2023,17.97,18.28,17.70,17.77,17.77,50929600
Dec 8 2023,17.18,17.92,17.09,17.77,17.77,57404600
Dec 7 2023,17.22,17.48,17.08,17.22,17.22,56455000
Dec 6 2023,17.69,17.83,17.05,17.13,17.13,96111000
Dec 5 2023,18.25,18.55,17.96,18.30,18.30,54460800
Dec 4 2023,19.75,19.90,18.27,18.40,18.40,104948500
Dec 1 2023,19.93,20.29,19.55,20.27,20.27,61336000
Nov 30 2023,19.94,20.23,19.68,20.05,20.05,55501000
Nov 29 2023,19.94,20.31,19.78,19.84,19.84,62782100
Nov 28 2023,19.11,19.80,19.03,19.71,19.71,54170700
Nov 27 2023,19.13,19.50,18.62,19.08,19.08,58808200
Nov 24 2023,19.38,19.60,18.93,19.20,19.20,39800400
Nov 22 2023,20.26,20.44,19.33,19.69,19.69,68326000
Nov 21 2023,21.11,21.85,19.72,19.80,19.80,106643300
Nov 20 2023,20.65,21.60,20.56,21.34,21.34,90270000
Nov 17 2023,19.68,20.58,19.66,20.49,20.49,69497400
Nov 16 2023,19.80,19.88,19.29,19.77,19.77,49942800
Nov 15 2023,19.90,20.37,19.61,19.95,19.95,75533500
Nov 14 2023,20.00,20.10,19.50,19.94,19.94,83230500
Nov 13 2023,19.59,19.88,19.30,19.71,19.71,74877500
Nov 10 2023,18.16,19.72,18.06,19.67,19.67,92748000
Nov 9 2023,18.66,18.87,18.16,18.27,18.27,48454200
Nov 8 2023,18.85,18.93,18.15,18.49,18.49,46063100
Nov 7 2023,18.86,19.17,18.53,18.80,18.80,56289100
Nov 6 2023,18.99,19.08,17.93,18.54,18.54,79952600
Nov 3 2023,18.02,19.08,17.76,18.89,18.89,109039500
Nov 2 2023,17.48,18.30,17.21,17.97,17.97,170406800
Nov 1 2023,14.80,14.96,14.48,14.92,14.92,54419100
Oct 31 2023,14.58,15.01,14.55,14.80,14.80,40195400
Oct 30 2023,15.27,15.29,14.56,14.69,14.69,46886400
Oct 27 2023,15.48,15.60,14.96,15.07,15.07,39913600
Oct 26 2023,15.60,15.91,15.05,15.29,15.29,49351800
Oct 25 2023,16.57,16.63,15.58,15.59,15.59,46706500
Oct 24 2023,16.38,16.93,16.30,16.64,16.64,39833800
Oct 23 2023,15.90,16.34,15.21,16.20,16.20,55967200
Oct 20 2023,16.85,16.94,15.81,16.11,16.11,63738300
Oct 19 2023,17.44,17.58,16.97,17.06,17.06,46303200
Oct 18 2023,17.81,18.22,17.19,17.20,17.20,44208300
Oct 17 2023,17.00,18.03,16.91,17.84,17.84,54401300
Oct 16 2023,17.21,17.46,16.67,17.36,17.36,44987300
Oct 13 2023,18.06,18.16,17.27,17.36,17.36,54541600
Oct 12 2023,17.92,18.24,17.55,17.94,17.94,57940900
Oct 11 2023,17.87,18.44,17.73,17.92,17.92,55745600
Oct 10 2023,18.06,18.40,17.62,17.80,17.80,99971500
Oct 9 2023,16.25,17.83,16.22,17.61,17.61,106161200
Oct 6 2023,15.56,16.69,15.51,16.61,16.61,65511400
Oct 5 2023,15.56,15.90,15.41,15.81,15.81,49648100
Oct 4 2023,15.46,15.85,15.16,15.73,15.73,52786200
Oct 3 2023,15.61,15.77,14.82,14.90,14.90,51578100
Oct 2 2023,16.03,16.44,15.77,15.88,15.88,41043900
Sep 29 2023,16.11,16.81,15.96,16.00,16.00,77919600
Sep 28 2023,15.14,15.96,14.82,15.77,15.77,66590800
Sep 27 2023,14.20,14.96,14.16,14.85,14.85,62780600
Sep 26 2023,13.95,14.17,13.88,13.96,13.96,37276200
Sep 25 2023,14.00,14.24,13.82,14.22,14.22,39693900
Sep 22 2023,14.23,14.41,14.03,14.13,14.13,47714500
Sep 21 2023,14.34,14.60,13.68,14.00,14.00,72831500
Sep 20 2023,15.25,15.43,14.73,14.74,14.74,37640500
Sep 19 2023,15.34,15.52,14.95,15.15,15.15,37804800
Sep 18 2023,15.18,15.63,15.07,15.46,15.46,37404100
Sep 15 2023,15.77,15.90,15.17,15.33,15.33,56161900
Sep 14 2023,15.69,16.04,15.47,15.83,15.83,38572500
Sep 13 2023,15.63,15.85,15.42,15.60,15.60,34354400
Sep 12 2023,15.46,16.15,15.43,15.59,15.59,39497900
Sep 11 2023,15.41,16.10,15.36,15.79,15.79,55294700
Sep 8 2023,15.12,15.61,15.09,15.13,15.13,33862000
Sep 7 2023,14.88,15.24,14.29,15.21,15.21,51798800
Sep 6 2023,15.17,15.62,15.08,15.30,15.30,38738100
Sep 5 2023,15.08,15.42,14.90,15.21,15.21,33818400
Sep 1 2023,15.16,15.36,14.83,15.18,15.18,45107800
Aug 31 2023,15.60,15.85,14.65,14.98,14.98,101517200
Aug 30 2023,15.46,16.35,15.33,16.33,16.33,65674100
Aug 29 2023,14.60,15.63,14.50,15.40,15.40,47213200
Aug 28 2023,14.69,14.88,14.50,14.64,14.64,35964700
Aug 25 2023,14.14,14.65,14.01,14.53,14.53,55668900
Aug 24 2023,15.70,15.71,13.88,14.14,14.14,93586200
Aug 23 2023,14.50,15.47,14.42,15.30,15.30,53523300
Aug 22 2023,14.76,15.13,14.63,14.67,14.67,52106900
Aug 21 2023,14.42,14.78,14.34,14.50,14.50,43206200
Aug 18 2023,13.88,14.60,13.68,14.40,14.40,70047000
Aug 17 2023,15.39,15.44,14.03,14.15,14.15,91086700
Aug 16 2023,15.21,15.73,15.12,15.45,15.45,40394600
Aug 15 2023,15.61,15.87,15.29,15.37,15.37,44000400
Aug 14 2023,15.20,15.74,14.95,15.72,15.72,47511400
Aug 11 2023,15.05,15.58,14.91,15.41,15.41,56489900
Aug 10 2023,15.44,15.87,15.25,15.41,15.41,73129100
Aug 9 2023,16.76,16.92,15.10,15.25,15.25,126230400
Aug 8 2023,17.49,17.49,16.10,17.04,17.04,143014200
Aug 7 2023,18.25,18.39,17.01,17.99,17.99,133808400
Aug 4 2023,18.87,19.08,18.08,18.20,18.20,71979800
Aug 3 2023,18.63,19.30,18.61,18.71,18.71,54345900
Aug 2 2023,19.26,19.62,18.15,18.97,18.97,98215800
Aug 1 2023,19.46,20.24,19.23,19.99,19.99,99336200
Jul 31 2023,18.82,20.00,18.38,19.84,19.84,142173800
Jul 28 2023,17.21,17.97,16.74,17.81,17.81,106125600
Jul 27 2023,16.80,17.19,16.00,16.15,16.15,50685200
Jul 26 2023,16.40,16.69,16.13,16.43,16.43,35804800
Jul 25 2023,16.35,16.86,16.35,16.55,16.55,36612900
Jul 24 2023,16.61,16.69,16.12,16.32,16.32,36133600
Jul 21 2023,17.47,17.49,16.00,16.43,16.43,63260300
Jul 20 2023,17.54,18.00,16.98,17.13,17.13,62711600
Jul 19 2023,18.02,19.00,17.76,18.05,18.05,89044600
Jul 18 2023,17.88,18.13,17.19,18.08,18.08,87365700
Jul 17 2023,16.42,17.59,16.32,17.40,17.40,63505000
Jul 14 2023,16.76,17.00,16.27,16.40,16.40,45018700
Jul 13 2023,16.70,17.26,16.63,16.74,16.74,58397800
Jul 12 2023,16.78,16.94,16.41,16.59,16.59,50079400
Jul 11 2023,16.47,16.93,16.15,16.49,16.49,63236600
Jul 10 2023,15.37,16.33,14.94,16.30,16.30,62823600
Jul 7 2023,15.23,15.90,15.19,15.34,15.34,48109800
Jul 6 2023,15.32,15.38,14.62,15.13,15.13,56534000
Jul 5 2023,15.43,15.77,15.23,15.70,15.70,39179900
Jul 3 2023,15.49,15.59,15.19,15.52,15.52,26037400
Jun 30 2023,15.48,15.80,15.23,15.33,15.33,42081000
Jun 29 2023,15.40,15.57,15.06,15.20,15.20,46300900
Jun 28 2023,14.53,15.43,14.47,15.28,15.28,66001000
Jun 27 2023,14.22,14.76,13.96,14.61,14.61,55410500
Jun 26 2023,13.87,14.42,13.83,13.94,13.94,50679900
Jun 23 2023,13.64,14.14,13.56,14.03,14.03,74640600
Jun 22 2023,14.30,14.44,13.86,14.05,14.05,103461000
Jun 21 2023,15.66,15.76,14.37,14.64,14.64,97885000
Jun 20 2023,15.99,16.89,15.58,15.79,15.79,81335000
Jun 16 2023,16.87,16.91,16.01,16.30,16.30,90473900
Jun 15 2023,15.66,16.79,15.49,16.60,16.60,91200900
Jun 14 2023,15.93,16.19,15.44,15.91,15.91,70871900
Jun 13 2023,16.18,16.27,15.16,16.00,16.00,112765900
Jun 12 2023,15.44,16.03,15.33,15.65,15.65,89900400
Jun 9 2023,15.36,15.98,14.82,15.02,15.02,93983400
Jun 8 2023,14.44,15.59,14.39,15.19,15.19,115591600
Jun 7 2023,16.01,17.16,14.52,14.69,14.69,227244100
Jun 6 2023,15.30,15.58,14.92,15.46,15.46,74284300
Jun 5 2023,14.36,15.70,14.36,15.24,15.24,109017800
Jun 2 2023,14.65,15.03,14.16,14.52,14.52,79328400
Jun 1 2023,14.46,15.22,14.20,14.54,14.54,126015100
May 31 2023,14.19,14.79,13.82,14.71,14.71,130392200
May 30 2023,14.44,15.01,14.24,14.71,14.71,159089300
May 26 2023,12.84,14.19,12.82,13.65,13.65,127311200
May 25 2023,13.18,13.22,12.34,12.84,12.84,106557800
May 24 2023,12.05,12.43,11.82,12.23,12.23,90496900
May 23 2023,11.95,13.42,11.87,12.64,12.64,148701800
May 22 2023,11.62,12.10,11.39,11.84,11.84,76377100
May 19 2023,11.97,12.41,11.52,11.71,11.71,148321300
May 18 2023,10.46,11.81,10.39,11.74,11.74,171402300
May 17 2023,9.54,10.28,9.46,10.25,10.25,63834500
May 16 2023,9.40,9.63,9.35,9.47,9.47,42311900
May 15 2023,9.21,9.60,9.02,9.52,9.52,53555500
May 12 2023,9.86,10.01,9.47,9.50,9.50,62031700
May 11 2023,10.14,10.16,9.71,9.88,9.88,73754100
May 10 2023,9.73,10.30,9.46,9.94,9.94,149375000
May 9 2023,9.22,9.69,8.65,9.55,9.55,223573300
May 8 2023,7.64,7.86,7.59,7.74,7.74,105304000
May 5 2023,7.44,7.55,7.32,7.41,7.41,45601300
May 4 2023,7.47,7.52,7.28,7.38,7.38,29989300
May 3 2023,7.62,7.68,7.45,7.56,7.56,24322400
May 2 2023,7.72,7.91,7.43,7.59,7.59,38008000
May 1 2023,7.75,7.82,7.66,7.78,7.78,19134200
Apr 28 2023,7.77,8.00,7.62,7.75,7.75,24924400
Apr 27 2023,7.83,7.91,7.72,7.82,7.82,21385500
Apr 26 2023,7.87,7.91,7.65,7.74,7.74,21396700
Apr 25 2023,8.00,8.02,7.73,7.74,7.74,21849100
Apr 24 2023,8.16,8.25,7.94,8.10,8.10,20439300
Apr 21 2023,8.14,8.22,8.09,8.18,8.18,14896700
Apr 20 2023,8.29,8.50,8.13,8.15,8.15,23573000
Apr 19 2023,8.58,8.66,8.48,8.49,8.49,18193700
Apr 18 2023,8.93,9.02,8.72,8.73,8.73,21185300
Apr 17 2023,8.81,9.04,8.78,8.80,8.80,26047500
Apr 14 2023,8.53,8.91,8.47,8.81,8.81,42364500
Apr 13 2023,8.50,8.70,8.43,8.58,8.58,27983300
Apr 12 2023,8.75,8.77,8.30,8.33,8.33,28771300
Apr 11 2023,8.35,8.79,8.34,8.61,8.61,35617900
Apr 10 2023,8.00,8.44,7.90,8.39,8.39,29184700
Apr 6 2023,7.88,8.14,7.79,8.09,8.09,23488600
Apr 5 2023,8.63,8.65,7.84,7.98,7.98,54946900
Apr 4 2023,8.53,8.54,8.23,8.35,8.35,23961200
Apr 3 2023,8.37,8.53,8.21,8.38,8.38,22512000
Mar 31 2023,8.15,8.48,8.08,8.45,8.45,26174800
Mar 30 2023,8.33,8.38,8.05,8.15,8.15,21001600
Mar 29 2023,8.09,8.25,8.05,8.22,8.22,15339700
Mar 28 2023,8.06,8.12,7.97,8.00,8.00,14860500
Mar 27 2023,8.15,8.32,7.94,8.04,8.04,20666800
Mar 24 2023,8.29,8.35,8.06,8.20,8.20,17901200
Mar 23 2023,8.32,8.56,8.16,8.33,8.33,22662200
Mar 22 2023,8.44,8.62,8.20,8.21,8.21,34151000
Mar 21 2023,8.20,8.51,8.17,8.45,8.45,27104500
Mar 20 2023,7.76,8.10,7.72,8.08,8.08,25497400
Mar 17 2023,7.93,8.03,7.84,7.88,7.88,20920800
Mar 16 2023,8.01,8.08,7.86,7.98,7.98,20255400
Mar 15 2023,7.81,7.99,7.70,7.90,7.90,28217400
Mar 14 2023,8.05,8.14,7.78,7.89,7.89,33460100
Mar 13 2023,7.29,8.15,7.19,7.87,7.87,63183500
Mar 10 2023,7.59,7.68,7.28,7.35,7.35,41953600
Mar 9 2023,8.07,8.26,7.68,7.69,7.69,29005900
Mar 8 2023,8.36,8.58,8.06,8.13,8.13,38723600
Mar 7 2023,8.27,8.43,8.19,8.28,8.28,26819600
Mar 6 2023,8.34,8.45,8.20,8.28,8.28,28316200
Mar 3 2023,8.00,8.50,8.00,8.33,8.33,43229100
Mar 2 2023,7.59,8.03,7.56,7.97,7.97,36538700
Mar 1 2023,7.83,7.91,7.69,7.69,7.69,27939100
Feb 28 2023,7.96,8.10,7.80,7.84,7.84,32937000
Feb 27 2023,8.12,8.23,7.96,8.03,8.03,35270000
Feb 24 2023,7.94,8.20,7.87,8.09,8.09,41518600
Feb 23 2023,8.42,8.48,7.91,8.17,8.17,60015500
Feb 22 2023,8.48,8.63,8.16,8.36,8.36,55346000
Feb 21 2023,9.01,9.10,8.40,8.47,8.47,65226600
Feb 17 2023,9.57,9.71,9.09,9.20,9.20,62137800
Feb 16 2023,9.65,10.31,9.60,9.71,9.71,88638800
Feb 15 2023,9.16,10.23,9.11,10.11,10.11,153210400
Feb 14 2023,8.59,9.30,8.23,9.22,9.22,216055200
Feb 13 2023,7.58,7.78,7.45,7.61,7.61,87397100
Feb 10 2023,7.79,7.86,7.46,7.51,7.51,43042400
Feb 9 2023,8.34,8.43,7.94,7.95,7.95,33366700
Feb 8 2023,8.25,8.57,8.17,8.22,8.22,35105500
Feb 7 2023,8.33,8.41,8.06,8.33,8.33,42201800
Feb 6 2023,8.31,8.53,8.24,8.31,8.31,38845500
Feb 3 2023,8.54,8.90,8.37,8.41,8.41,64785500
Feb 2 2023,8.51,9.21,8.47,8.99,8.99,71889700
Feb 1 2023,7.73,8.22,7.68,8.20,8.20,50123700
Jan 31 2023,7.41,7.82,7.38,7.78,7.78,40984000
Jan 30 2023,7.50,7.61,7.36,7.37,7.37,28567800
Jan 27 2023,7.19,7.73,7.14,7.55,7.55,37555200
Jan 26 2023,7.37,7.45,7.04,7.24,7.24,28005600
Jan 25 2023,6.92,7.27,6.69,7.22,7.22,37147900
Jan 24 2023,7.00,7.42,7.00,7.02,7.02,22649500
Jan 23 2023,7.03,7.41,6.99,7.38,7.38,31633300
Jan 20 2023,6.76,7.06,6.72,7.02,7.02,28751700
Jan 19 2023,6.80,6.89,6.67,6.73,6.73,24841700
Jan 18 2023,7.16,7.30,6.88,6.90,6.90,32743400
Jan 17 2023,6.99,7.15,6.73,7.07,7.07,30910300
Jan 13 2023,6.84,7.01,6.81,6.96,6.96,20981000
Jan 12 2023,7.01,7.05,6.78,7.01,7.01,30152500
Jan 11 2023,6.84,6.99,6.76,6.98,6.98,25936700
Jan 10 2023,6.50,6.72,6.49,6.70,6.70,28236600
Jan 9 2023,6.49,6.67,6.40,6.50,6.50,31028900
Jan 6 2023,6.40,6.45,6.09,6.40,6.40,30596400
Jan 5 2023,6.45,6.49,6.25,6.32,6.32,34186000
Jan 4 2023,6.48,6.68,6.37,6.58,6.58,31660500
Jan 3 2023,6.58,6.64,6.28,6.39,6.39,29969900
Dec 30 2022,6.19,6.42,6.19,6.42,6.42,27830900
Dec 29 2022,6.10,6.53,6.10,6.40,6.40,42694200
Dec 28 2022,5.98,6.17,5.95,6.07,6.07,30096800
Dec 27 2022,6.15,6.22,5.92,6.00,6.00,34573300
Dec 23 2022,6.27,6.30,6.07,6.29,6.29,20419000
Dec 22 2022,6.37,6.38,6.18,6.32,6.32,28066000
Dec 21 2022,6.24,6.52,6.04,6.50,6.50,34408600
Dec 20 2022,6.29,6.54,6.20,6.31,6.31,30215600
Dec 19 2022,6.80,6.83,6.32,6.35,6.35,41511600
Dec 16 2022,7.02,7.08,6.76,6.90,6.90,32655600
Dec 15 2022,7.17,7.30,7.01,7.01,7.01,25417100
Dec 14 2022,7.50,7.60,7.26,7.35,7.35,22653800
Dec 13 2022,7.73,7.97,7.49,7.50,7.50,41033800
Dec 12 2022,7.11,7.31,7.09,7.29,7.29,22672400
Dec 9 2022,7.06,7.19,7.03,7.11,7.11,23367300
Dec 8 2022,7.10,7.27,6.94,7.12,7.12,23107700
Dec 7 2022,7.08,7.35,7.02,7.07,7.07,28351600
Dec 6 2022,7.19,7.20,6.88,6.99,6.99,32868100
Dec 5 2022,7.62,7.70,7.11,7.19,7.19,32158200
Dec 2 2022,7.61,7.76,7.50,7.66,7.66,18794000
Dec 1 2022,7.51,7.88,7.47,7.86,7.86,34424400
Nov 30 2022,7.14,7.51,7.03,7.50,7.50,32745700
Nov 29 2022,7.20,7.30,7.05,7.08,7.08,22150800
Nov 28 2022,7.23,7.40,7.15,7.16,7.16,19438000
Nov 25 2022,7.32,7.34,7.19,7.28,7.28,10824400
Nov 23 2022,7.25,7.42,7.12,7.37,7.37,24182900
Nov 22 2022,7.18,7.25,6.98,7.22,7.22,27327800
Nov 21 2022,7.31,7.32,7.07,7.19,7.19,36605600
Nov 18 2022,7.76,7.79,7.31,7.39,7.39,27245200
Nov 17 2022,7.83,7.88,7.53,7.62,7.62,33746500
Nov 16 2022,8.18,8.24,8.00,8.06,8.06,28436000
Nov 15 2022,8.45,8.47,8.15,8.34,8.34,34454100
Nov 14 2022,8.18,8.32,7.95,8.10,8.10,37402700
Nov 11 2022,7.48,8.42,7.38,8.41,8.41,55324100
Nov 10 2022,7.46,7.97,7.43,7.64,7.64,58579800
Nov 9 2022,7.12,7.18,6.95,6.98,6.98,42517300
Nov 8 2022,7.08,7.42,6.91,7.21,7.21,56353900
Nov 7 2022,7.78,7.85,6.89,7.02,7.02,99332800
Nov 4 2022,8.19,8.20,7.65,7.93,7.93,64338900
Nov 3 2022,8.07,8.30,7.87,8.08,8.08,36419500
Nov 2 2022,8.70,8.76,8.20,8.22,8.22,36042600
Nov 1 2022,8.99,9.06,8.56,8.65,8.65,29800000
Oct 31 2022,8.59,8.83,8.43,8.79,8.79,31376100
Oct 28 2022,8.55,8.66,8.36,8.64,8.64,20697400
Oct 27 2022,8.68,8.78,8.46,8.60,8.60,28940800
Oct 26 2022,8.48,9.05,8.39,8.57,8.57,33530900
Oct 25 2022,8.36,8.66,8.36,8.66,8.66,31001500
Oct 24 2022,8.30,8.30,8.01,8.27,8.27,28062200
Oct 21 2022,7.93,8.32,7.81,8.29,8.29,30705700
Oct 20 2022,7.73,8.26,7.73,8.04,8.04,26689500
Oct 19 2022,8.06,8.13,7.84,7.91,7.91,26594000
Oct 18 2022,8.15,8.33,8.04,8.16,8.16,37120400
Oct 17 2022,7.71,8.06,7.69,7.94,7.94,31751700
Oct 14 2022,8.23,8.31,7.53,7.53,7.53,37430100
Oct 13 2022,7.74,8.20,7.57,8.08,8.08,36040900
Oct 12 2022,8.06,8.10,7.82,8.07,8.07,30201600
Oct 11 2022,7.99,8.30,7.70,8.04,8.04,40775800
Oct 10 2022,8.17,8.18,7.88,8.06,8.06,26923300
Oct 7 2022,8.26,8.28,8.11,8.15,8.15,29550500
Oct 6 2022,8.40,8.60,8.31,8.47,8.47,27653400
Oct 5 2022,8.26,8.48,8.07,8.42,8.42,37790200
Oct 4 2022,8.48,8.61,8.34,8.46,8.46,36313300
Oct 3 2022,8.15,8.30,7.97,8.24,8.24,35524000
Sep 30 2022,8.01,8.50,7.97,8.13,8.13,47454800
Sep 29 2022,8.05,8.33,7.78,8.08,8.08,57845800
Sep 28 2022,7.63,8.00,7.62,7.94,7.94,31955900
Sep 27 2022,7.69,7.84,7.46,7.63,7.63,31794700
Sep 26 2022,7.35,7.83,7.35,7.53,7.53,45429800
Sep 23 2022,7.20,7.42,7.13,7.40,7.40,34197300
Sep 22 2022,7.74,7.74,7.24,7.37,7.37,49138300
Sep 21 2022,7.72,8.07,7.66,7.69,7.69,36814500
Sep 20 2022,7.78,7.91,7.60,7.62,7.62,30349600
Sep 19 2022,7.64,7.86,7.58,7.86,7.86,29238800
Sep 16 2022,7.75,7.93,7.64,7.78,7.78,42155500
Sep 15 2022,7.47,8.10,7.45,8.01,8.01,51700600
Sep 14 2022,7.45,7.63,7.33,7.63,7.63,29422500
Sep 13 2022,7.63,7.66,7.45,7.48,7.48,29770700
Sep 12 2022,7.86,8.03,7.82,8.01,8.01,30544800
Sep 9 2022,7.68,7.82,7.64,7.79,7.79,27822300
Sep 8 2022,7.33,7.53,7.27,7.53,7.53,26303600
Sep 7 2022,7.27,7.43,7.18,7.39,7.39,30330000
Sep 6 2022,7.45,7.46,7.17,7.28,7.28,30429400
Sep 2 2022,7.67,7.67,7.35,7.40,7.40,25965000
Sep 1 2022,7.61,7.62,7.22,7.49,7.49,39079700
Aug 31 2022,7.95,8.00,7.70,7.72,7.72,28691500
Aug 30 2022,7.93,7.97,7.68,7.79,7.79,27189200
Aug 29 2022,7.82,8.00,7.76,7.81,7.81,28566200
Aug 26 2022,8.42,8.43,7.93,7.94,7.94,34150400
Aug 25 2022,8.22,8.43,8.05,8.42,8.42,25635600
Aug 24 2022,8.04,8.36,7.98,8.10,8.10,26576400
Aug 23 2022,8.10,8.28,8.00,8.01,8.01,25658500
Aug 22 2022,8.32,8.40,8.06,8.07,8.07,37824900
Aug 19 2022,9.00,9.01,8.48,8.51,8.51,40560200
Aug 18 2022,9.42,9.47,9.12,9.15,9.15,26365600
Aug 17 2022,9.56,9.62,9.33,9.43,9.43,33933600
Aug 16 2022,9.85,9.88,9.36,9.74,9.74,40603900
Aug 15 2022,9.82,10.10,9.76,9.91,9.91,33263400
Aug 12 2022,9.55,9.97,9.42,9.91,9.91,30638200
Aug 11 2022,9.76,10.05,9.40,9.42,9.42,44790900
Aug 10 2022,9.51,9.66,9.32,9.59,9.59,46054900
Aug 9 2022,9.54,9.57,9.01,9.25,9.25,58788900
Aug 8 2022,9.77,10.40,9.71,9.82,9.82,125272600
Aug 5 2022,11.01,11.62,10.85,11.45,11.45,50264800
Aug 4 2022,11.19,11.41,11.03,11.32,11.32,32093400
Aug 3 2022,11.08,11.34,11.04,11.20,11.20,35796500
Aug 2 2022,10.32,11.23,10.26,10.92,10.92,40958800
Aug 1 2022,10.25,10.70,10.12,10.47,10.47,31694700
Jul 29 2022,10.01,10.35,9.92,10.35,10.35,31106600
Jul 28 2022,10.03,10.20,9.74,10.13,10.13,27172900
Jul 27 2022,9.67,10.03,9.50,10.02,10.02,29810900
Jul 26 2022,9.66,9.66,9.38,9.40,9.40,21997800
Jul 25 2022,9.83,9.85,9.52,9.68,9.68,21485000
Jul 22 2022,10.35,10.57,9.73,9.84,9.84,38915500
Jul 21 2022,10.37,10.76,10.22,10.49,10.49,51691200
Jul 20 2022,9.44,10.20,9.44,10.11,10.11,40845200
Jul 19 2022,9.15,9.37,8.89,9.34,9.34,29033800
Jul 18 2022,9.25,9.45,9.01,9.03,9.03,32428400
Jul 15 2022,9.01,9.12,8.65,9.04,9.04,34918100
Jul 14 2022,9.23,9.28,8.85,8.90,8.90,26702100
Jul 13 2022,9.22,9.55,9.05,9.28,9.28,32461300
Jul 12 2022,9.66,9.96,9.27,9.49,9.49,42765800
Jul 11 2022,9.98,9.99,9.53,9.56,9.56,34015100
Jul 8 2022,9.92,10.38,9.83,10.17,10.17,36737100
Jul 7 2022,9.76,10.28,9.75,10.18,10.18,35672500
Jul 6 2022,10.01,10.31,9.74,9.80,9.80,54604300
Jul 5 2022,9.14,10.10,9.00,10.07,10.07,55854800
Jul 1 2022,9.11,9.43,9.03,9.27,9.27,33504400
Jun 30 2022,9.02,9.19,8.72,9.07,9.07,33636400
Jun 29 2022,9.35,9.42,9.07,9.23,9.23,40408700
Jun 28 2022,9.57,9.88,9.19,9.31,9.31,45589000
Jun 27 2022,10.15,10.16,9.51,9.62,9.62,44768000
Jun 24 2022,9.53,10.20,9.48,10.19,10.19,67826000
Jun 23 2022,9.02,9.50,8.84,9.46,9.46,44618000
Jun 22 2022,8.52,9.28,8.45,9.01,9.01,43430600
Jun 21 2022,8.59,9.05,8.56,8.71,8.71,48887600
Jun 17 2022,7.70,8.33,7.69,8.24,8.24,45518000
Jun 16 2022,7.84,7.99,7.58,7.67,7.67,36793500
Jun 15 2022,7.92,8.30,7.82,8.12,8.12,38235300
Jun 14 2022,7.74,7.98,7.59,7.82,7.82,30564100
Jun 13 2022,7.99,8.00,7.50,7.64,7.64,40943000
Jun 10 2022,8.48,8.58,8.14,8.26,8.26,30225800
Jun 9 2022,9.13,9.16,8.67,8.68,8.68,30527400
Jun 8 2022,9.18,9.42,9.09,9.18,9.18,29056300
Jun 7 2022,8.89,9.14,8.73,9.13,9.13,28049400
Jun 6 2022,9.11,9.21,8.78,8.98,8.98,35101100
Jun 3 2022,9.04,9.25,8.86,8.94,8.94,36632300
Jun 2 2022,8.54,9.39,8.46,9.30,9.30,41347000
Jun 1 2022,8.72,8.98,8.38,8.46,8.46,34438100
May 31 2022,8.97,9.10,8.56,8.68,8.68,41672300
May 27 2022,8.50,8.85,8.43,8.85,8.85,37064000
May 26 2022,7.84,8.40,7.77,8.36,8.36,39738900
May 25 2022,7.52,8.02,7.51,7.96,7.96,35068900
May 24 2022,7.98,7.99,7.37,7.55,7.55,47218700
May 23 2022,8.01,8.17,7.80,8.01,8.01,27755200
May 20 2022,8.26,8.40,7.71,8.08,8.08,40879100
May 19 2022,7.97,8.58,7.95,8.31,8.31,35780900
May 18 2022,8.21,8.43,7.92,8.01,8.01,29304600
May 17 2022,8.10,8.46,8.01,8.36,8.36,38620800
May 16 2022,8.17,8.43,8.01,8.04,8.04,46153200
May 13 2022,7.52,8.35,7.52,8.34,8.34,69242700
May 12 2022,6.55,7.38,6.44,7.34,7.34,82147300
May 11 2022,7.28,7.54,6.66,6.71,6.71,72894900
May 10 2022,7.56,7.70,6.93,7.29,7.29,86932400
May 9 2022,7.78,7.85,7.32,7.46,7.46,170871700
May 6 2022,10.00,10.05,9.42,9.48,9.48,69691300
May 5 2022,10.80,10.80,9.98,10.12,10.12,40523600
May 4 2022,10.53,11.01,10.08,10.98,10.98,43239900
May 3 2022,10.69,10.98,10.44,10.55,10.55,31372700
May 2 2022,10.38,10.76,10.18,10.74,10.74,41193800
Apr 29 2022,10.90,11.23,10.36,10.40,10.40,30937500
Apr 28 2022,10.69,11.05,10.37,10.95,10.95,40074500
Apr 27 2022,11.01,11.19,10.53,10.56,10.56,54508500
Apr 26 2022,11.94,12.05,11.10,11.12,11.12,38666500
Apr 25 2022,11.83,12.16,11.68,12.11,12.11,31727600
Apr 22 2022,12.33,12.73,11.86,11.96,11.96,30386100
Apr 21 2022,13.02,13.33,12.23,12.33,12.33,32009000
Apr 20 2022,13.08,13.17,12.74,12.79,12.79,31528600
Apr 19 2022,12.08,13.02,12.07,12.91,12.91,31753900
Apr 18 2022,12.35,12.41,11.88,12.15,12.15,25395600
Apr 14 2022,12.92,12.92,12.41,12.42,12.42,23284100
Apr 13 2022,12.35,12.94,12.23,12.90,12.90,21152900
Apr 12 2022,12.88,13.20,12.43,12.46,12.46,26226500
Apr 11 2022,12.45,12.82,12.13,12.66,12.66,26095800
Apr 8 2022,12.70,13.05,12.57,12.70,12.70,24962500
Apr 7 2022,12.95,13.34,12.48,12.84,12.84,34727400
Apr 6 2022,13.52,13.54,12.85,13.00,13.00,40647700
Apr 5 2022,14.61,14.86,13.80,13.89,13.89,37677300
Apr 4 2022,14.03,14.66,14.02,14.63,14.63,40066800
Apr 1 2022,13.77,14.06,13.50,13.83,13.83,23831600
Mar 31 2022,13.90,14.06,13.63,13.73,13.73,22840000
Mar 30 2022,14.04,14.36,13.74,13.88,13.88,32164000
Mar 29 2022,13.65,14.28,13.35,14.20,14.20,46433700
Mar 28 2022,13.01,13.44,12.85,13.42,13.42,27152000
Mar 25 2022,13.36,13.40,12.71,12.97,12.97,24796900
Mar 24 2022,13.25,13.42,12.83,13.39,13.39,29535300
Mar 23 2022,13.16,13.55,13.02,13.18,13.18,33699400
Mar 22 2022,12.52,13.48,12.52,13.27,13.27,46210700
Mar 21 2022,12.72,13.05,12.42,12.59,12.59,39410900
Mar 18 2022,12.28,13.02,12.22,12.82,12.82,59125500
Mar 17 2022,11.72,12.37,11.66,12.32,12.32,43948900
Mar 16 2022,10.95,11.82,10.94,11.79,11.79,62746600
Mar 15 2022,10.47,10.85,10.27,10.77,10.77,40451200
Mar 14 2022,11.17,11.41,10.41,10.50,10.50,49762600
Mar 11 2022,11.86,12.01,11.37,11.39,11.39,37817400
Mar 10 2022,11.38,11.97,11.32,11.87,11.87,52295400
Mar 9 2022,11.41,12.02,11.27,11.65,11.65,43591400
Mar 8 2022,10.93,11.39,10.72,11.04,11.04,49279600
Mar 7 2022,11.43,11.75,11.10,11.11,11.11,63070600
Mar 4 2022,11.70,11.77,10.74,10.96,10.96,43502200
Mar 3 2022,12.01,12.06,11.23,11.34,11.34,46172000
Mar 2 2022,12.21,12.21,11.42,12.06,12.06,56698300
Mar 1 2022,11.99,12.52,11.71,12.18,12.18,64867200
Feb 28 2022,11.96,12.18,11.39,11.85,11.85,75390500
Feb 25 2022,11.59,11.89,11.00,11.47,11.47,75433700
Feb 24 2022,9.75,11.87,9.74,11.83,11.83,118793000
Feb 23 2022,10.83,11.26,10.40,10.43,10.43,93964500
Feb 22 2022,10.70,11.19,10.30,10.48,10.48,104501500
Feb 18 2022,11.92,12.01,10.57,11.02,11.02,137808100
Feb 17 2022,12.39,12.70,11.70,11.77,11.77,151385400
Feb 16 2022,13.91,14.26,13.66,13.97,13.97,58624400
Feb 15 2022,13.52,14.19,13.41,14.17,14.17,48523700
Feb 14 2022,13.10,13.80,12.98,13.26,13.26,40617900
Feb 11 2022,13.45,13.92,12.97,13.13,13.13,41831600
Feb 10 2022,13.50,14.16,13.37,13.56,13.56,41998200
Feb 9 2022,13.29,13.89,13.26,13.87,13.87,34451900
Feb 8 2022,12.75,13.19,12.62,13.15,13.15,30317100
Feb 7 2022,13.02,13.60,12.94,12.98,12.98,45646100
Feb 4 2022,12.47,13.09,12.27,12.94,12.94,38989200
Feb 3 2022,12.95,13.32,12.42,12.45,12.45,47236900
Feb 2 2022,14.09,14.20,13.19,13.32,13.32,47204300
Feb 1 2022,14.23,14.37,13.56,14.20,14.20,69012900
Jan 31 2022,12.77,13.74,12.76,13.71,13.71,51039300
Jan 28 2022,12.30,12.88,11.89,12.71,12.71,54887500
Jan 27 2022,13.01,13.06,12.20,12.28,12.28,52622900
Jan 26 2022,13.60,13.82,12.68,12.75,12.75,69949700
Jan 25 2022,13.12,13.60,12.83,13.06,13.06,47456600
Jan 24 2022,12.79,13.41,11.75,13.40,13.40,110518900
Jan 21 2022,14.25,14.48,13.50,13.53,13.53,73031300
Jan 20 2022,14.89,15.55,14.57,14.62,14.62,44690400
Jan 19 2022,14.90,15.25,14.54,14.56,14.56,48049100
Jan 18 2022,15.45,15.75,14.92,14.97,14.97,49067700
Jan 14 2022,15.94,16.25,15.62,16.01,16.01,35624900
Jan 13 2022,16.80,16.82,15.94,16.01,16.01,35492200
Jan 12 2022,17.16,17.46,16.40,16.72,16.72,39784200
Jan 11 2022,16.40,17.25,16.32,16.89,16.89,47442600
Jan 10 2022,16.19,16.57,15.35,16.50,16.50,77649400
Jan 7 2022,16.70,17.33,16.48,16.56,16.56,37989300
Jan 6 2022,16.87,17.18,16.06,16.74,16.74,49737100
Jan 5 2022,18.03,18.57,16.87,16.96,16.96,58445900
Jan 4 2022,18.61,18.84,17.79,18.17,18.17,39643200
Jan 3 2022,18.36,18.57,17.86,18.53,18.53,34283600
Dec 31 2021,18.61,18.92,18.21,18.21,18.21,23556000
Dec 30 2021,18.10,19.00,18.07,18.69,18.69,29285200
Dec 29 2021,18.53,18.60,17.91,18.17,18.17,28217500
Dec 28 2021,18.89,19.07,18.44,18.57,18.57,20518800
Dec 27 2021,18.78,19.25,18.78,18.94,18.94,21782000
Dec 23 2021,18.85,19.14,18.72,18.93,18.93,24758300
Dec 22 2021,18.65,19.45,18.65,18.88,18.88,33894200
Dec 21 2021,18.16,18.98,18.10,18.90,18.90,33878600
Dec 20 2021,18.59,18.67,17.83,17.96,17.96,42265900
Dec 17 2021,18.03,19.10,17.81,19.06,19.06,44495200
Dec 16 2021,18.96,19.12,18.15,18.34,18.34,33950000
Dec 15 2021,18.37,18.94,18.00,18.86,18.86,39361900
Dec 14 2021,18.00,18.86,17.91,18.64,18.64,38864800
Dec 13 2021,18.80,19.08,18.17,18.40,18.40,38376000
Dec 10 2021,19.28,19.58,18.70,18.94,18.94,27594500
Dec 9 2021,19.95,20.15,19.04,19.21,19.21,30354700
Dec 8 2021,19.51,19.83,19.03,19.82,19.82,28425900
Dec 7 2021,19.26,19.85,19.07,19.46,19.46,35129000
Dec 6 2021,18.54,18.97,18.08,18.80,18.80,56459800
Dec 3 2021,19.50,19.53,18.40,18.98,18.98,56039600
Dec 2 2021,19.30,19.91,19.06,19.69,19.69,45802900
Dec 1 2021,20.53,20.89,19.29,19.38,19.38,48283700
Nov 30 2021,20.95,21.25,20.11,20.65,20.65,38196400
Nov 29 2021,21.19,21.40,20.56,21.07,21.07,29114000
Nov 26 2021,20.41,21.09,20.35,21.03,21.03,20691200
Nov 24 2021,20.35,21.20,20.06,21.11,21.11,35233900
Nov 23 2021,20.59,21.05,20.05,20.59,20.59,44588000
Nov 22 2021,21.53,21.57,20.18,20.65,20.65,59899100
Nov 19 2021,21.60,21.96,21.30,21.41,21.41,30013100
Nov 18 2021,22.50,22.55,21.34,21.50,21.50,51039900
Nov 17 2021,23.05,23.22,22.40,22.49,22.49,27994100
Nov 16 2021,23.29,23.29,22.61,23.13,23.13,31574800
Nov 15 2021,23.00,23.52,22.95,23.41,23.41,33225700
Nov 12 2021,23.02,23.23,22.38,22.83,22.83,53516200
Nov 11 2021,23.04,23.13,22.67,22.99,22.99,43381500
Nov 10 2021,23.60,23.64,22.12,22.52,22.52,94860100
Nov 9 2021,25.90,25.98,23.95,24.25,24.25,117540200
Nov 8 2021,26.25,27.11,26.12,26.75,26.75,41359600
Nov 5 2021,26.45,26.63,25.72,26.00,26.00,26005000
Nov 4 2021,26.26,26.57,25.87,26.47,26.47,25029700
Nov 3 2021,25.89,26.24,25.17,26.12,26.12,25244200
Nov 2 2021,26.56,26.72,25.56,25.92,25.92,30794600
Nov 1 2021,26.11,26.65,25.88,26.56,26.56,26684700
Oct 29 2021,25.50,26.12,25.45,25.88,25.88,21910300
Oct 28 2021,25.30,25.80,25.12,25.64,25.64,21203000
Oct 27 2021,25.64,25.90,25.02,25.06,25.06,24157200
Oct 26 2021,25.99,26.75,25.25,25.52,25.52,56767000
Oct 25 2021,24.50,25.54,24.48,25.41,25.41,33962100
Oct 22 2021,24.49,24.85,24.25,24.43,24.43,20166800
Oct 21 2021,24.13,24.93,24.08,24.78,24.78,23976600
Oct 20 2021,24.79,24.96,24.17,24.22,24.22,24248000
Oct 19 2021,24.50,25.20,24.36,24.69,24.69,29393900
Oct 18 2021,24.00,24.39,23.92,24.26,24.26,25609900
Oct 15 2021,24.50,24.52,23.83,24.00,24.00,24366100
Oct 14 2021,24.43,24.71,24.20,24.35,24.35,26106700
Oct 13 2021,23.83,24.31,23.79,24.13,24.13,28494000
Oct 12 2021,23.55,23.81,23.29,23.69,23.69,26280000
Oct 11 2021,23.26,23.98,23.26,23.53,23.53,23971700
Oct 8 2021,23.86,24.10,23.11,23.50,23.50,39713400
Oct 7 2021,23.71,24.13,23.54,23.73,23.73,38873700
Oct 6 2021,24.91,25.01,23.35,23.58,23.58,125175700
Oct 5 2021,23.21,23.88,23.07,23.21,23.21,56574800
Oct 4 2021,24.01,24.05,23.02,23.17,23.17,46789700
Oct 1 2021,24.21,24.36,23.72,24.33,24.33,32778000
Sep 30 2021,24.69,25.05,23.88,24.04,24.04,59505600
Sep 29 2021,25.61,25.70,24.42,24.52,24.52,46164500
Sep 28 2021,27.02,27.13,25.21,25.34,25.34,64206200
Sep 27 2021,28.23,28.38,27.23,27.47,27.47,44102800
Sep 24 2021,28.27,28.76,27.90,28.56,28.56,40309700
Sep 23 2021,27.71,29.19,27.67,28.77,28.77,60028600
Sep 22 2021,26.61,27.77,26.58,27.43,27.43,44308100
Sep 21 2021,26.89,27.15,26.08,26.62,26.62,50933600
Sep 20 2021,27.57,28.10,26.06,26.55,26.55,89413500
Sep 17 2021,28.66,29.29,28.07,28.71,28.71,182052600
Sep 16 2021,27.20,28.79,27.02,28.63,28.63,109992000
Sep 15 2021,26.30,27.15,26.03,27.08,27.08,49555500
Sep 14 2021,25.97,26.70,25.90,26.26,26.26,34569000
Sep 13 2021,26.15,26.24,25.03,25.83,25.83,42372300
Sep 10 2021,26.18,26.73,26.17,26.28,26.28,37307800
Sep 9 2021,25.39,26.24,25.29,26.13,26.13,34190800
Sep 8 2021,26.60,26.61,24.96,25.58,25.58,54394400
Sep 7 2021,26.79,26.88,26.27,26.70,26.70,35835100
Sep 3 2021,26.49,26.75,26.22,26.64,26.64,26609500
Sep 2 2021,26.21,26.87,26.09,26.51,26.51,38460100
Sep 1 2021,26.46,26.51,26.03,26.20,26.20,34417200
Aug 31 2021,25.79,26.36,25.66,26.34,26.34,93168600
Aug 30 2021,25.74,26.60,25.62,25.76,25.76,44139300
Aug 27 2021,25.05,26.09,24.91,25.71,25.71,52268500
Aug 26 2021,24.40,25.41,24.36,24.87,24.87,46179400
Aug 25 2021,25.12,25.19,24.07,24.35,24.35,54678500
Aug 24 2021,25.00,25.35,24.76,25.10,25.10,37227400
Aug 23 2021,24.02,24.93,23.90,24.82,24.82,35705300
Aug 20 2021,24.22,24.48,23.66,24.01,24.01,52062300
Aug 19 2021,25.01,25.64,24.14,24.16,24.16,67605600
Aug 18 2021,24.07,25.94,23.68,25.28,25.28,92065600
Aug 17 2021,23.90,24.59,23.74,23.97,23.97,35348300
Aug 16 2021,24.90,24.90,23.77,24.50,24.50,45907300
Aug 13 2021,25.00,25.10,24.31,24.90,24.90,52395100
Aug 12 2021,24.45,25.76,23.58,24.89,24.89,189287200
Aug 11 2021,23.07,23.19,22.09,22.35,22.35,34679000
Aug 10 2021,23.01,23.52,22.78,22.92,22.92,25947900
Aug 9 2021,21.85,23.28,21.80,22.93,22.93,35611100
Aug 6 2021,22.64,22.69,21.79,21.82,21.82,24200700
Aug 5 2021,22.22,22.77,22.02,22.52,22.52,18575200
Aug 4 2021,22.20,22.54,22.07,22.30,22.30,15537400
Aug 3 2021,22.03,22.27,21.71,22.24,22.24,17040100
Aug 2 2021,21.91,22.37,21.48,22.10,22.10,21372900
Jul 30 2021,21.85,22.41,21.71,21.71,21.71,15889200
Jul 29 2021,22.78,22.85,22.14,22.18,22.18,19219100
Jul 28 2021,21.75,22.61,21.69,22.56,22.56,25073600
Jul 27 2021,21.96,22.11,21.09,21.68,21.68,23078700
Jul 26 2021,21.80,22.30,21.48,22.13,22.13,16267900
Jul 23 2021,22.01,22.08,21.51,21.81,21.81,17653300
Jul 22 2021,22.55,22.67,21.88,22.07,22.07,17468900
Jul 21 2021,22.27,22.68,22.12,22.52,22.52,20437300
Jul 20 2021,21.63,22.35,21.22,22.18,22.18,22954000
Jul 19 2021,20.97,21.69,20.55,21.54,21.54,30314400
Jul 16 2021,21.60,21.71,21.24,21.37,21.37,19503100
Jul 15 2021,21.72,22.06,21.01,21.47,21.47,31871000
Jul 14 2021,22.49,22.62,21.51,21.56,21.56,33796200
Jul 13 2021,22.98,22.99,22.42,22.45,22.45,24748800
Jul 12 2021,23.26,23.50,22.88,22.95,22.95,23457200
Jul 9 2021,22.96,23.39,22.76,23.29,23.29,22492400
Jul 8 2021,22.43,23.21,22.25,23.08,23.08,34612600
Jul 7 2021,24.23,24.26,22.72,22.89,22.89,66937300
Jul 6 2021,24.60,25.20,24.47,24.68,24.68,28764500
Jul 2 2021,25.00,25.34,24.33,24.44,24.44,29389500
Jul 1 2021,26.10,26.13,24.59,24.72,24.72,55429800
Jun 30 2021,26.48,26.92,26.21,26.36,26.36,28957100
Jun 29 2021,27.38,27.44,26.44,26.63,26.63,38478900
Jun 28 2021,26.98,27.50,26.86,27.38,27.38,42184600
Jun 25 2021,26.58,27.01,26.25,26.78,26.78,140832700
Jun 24 2021,26.49,26.71,26.17,26.53,26.53,48419400
Jun 23 2021,25.46,26.35,25.34,26.27,26.27,53362200
Jun 22 2021,25.39,25.52,24.96,25.40,25.40,46171100
Jun 21 2021,25.10,25.55,24.51,25.42,25.42,54805000
Jun 18 2021,25.59,25.94,25.02,25.37,25.37,65852600
Jun 17 2021,24.68,25.46,24.55,25.45,25.45,64408400
Jun 16 2021,24.09,24.94,23.86,24.80,24.80,58452600
Jun 15 2021,25.03,25.55,24.39,24.41,24.41,46693200
Jun 14 2021,24.73,25.15,24.47,25.00,25.00,51801500
Jun 11 2021,24.12,24.71,24.03,24.67,24.67,33113100
Jun 10 2021,24.00,24.39,23.44,24.14,24.14,35482900
Jun 9 2021,24.45,24.74,24.17,24.17,24.17,36006200
Jun 8 2021,24.85,25.23,23.93,24.38,24.38,53488600
Jun 7 2021,24.00,24.76,23.79,24.46,24.46,49641000
Jun 4 2021,23.71,24.49,23.50,24.03,24.03,42537600
Jun 3 2021,24.14,24.26,23.34,23.63,23.63,48164200
Jun 2 2021,23.02,24.84,22.82,24.45,24.45,86473200
Jun 1 2021,23.19,23.35,22.36,23.06,23.06,52695500
May 28 2021,23.00,24.75,22.76,22.95,22.95,111846000
May 27 2021,22.01,22.70,21.65,22.70,22.70,76230500
May 26 2021,21.58,22.24,21.49,22.12,22.12,42958300
May 25 2021,21.42,22.11,21.28,21.48,21.48,49890800
May 24 2021,21.06,21.52,20.67,21.22,21.22,46596800
May 21 2021,20.84,21.16,20.47,20.75,20.75,35372900
May 20 2021,20.75,20.81,20.28,20.61,20.61,46302400
May 19 2021,20.10,21.03,19.94,20.67,20.67,45314000
May 18 2021,20.52,21.62,20.26,21.24,21.24,59672400
May 17 2021,19.73,20.49,19.63,20.46,20.46,50039600
May 14 2021,18.82,20.20,18.53,20.08,20.08,79409500
May 13 2021,19.14,19.47,17.82,18.37,18.37,87811600
May 12 2021,20.00,20.00,18.51,18.89,18.89,128281500
May 11 2021,17.20,20.30,17.06,20.21,20.21,203230500
May 10 2021,19.28,19.30,18.18,18.47,18.47,104670500
May 7 2021,20.30,20.75,19.58,19.75,19.75,63725500
May 6 2021,21.02,21.02,19.41,20.09,20.09,92201100
May 5 2021,21.81,21.94,20.97,21.15,21.15,39134700
May 4 2021,21.94,22.20,20.87,21.64,21.64,63429600
May 3 2021,23.01,23.08,22.21,22.30,22.30,33934400
Apr 30 2021,23.18,23.55,22.84,23.04,23.04,24717300
Apr 29 2021,23.87,24.14,22.81,23.37,23.37,36770100
Apr 28 2021,23.67,24.17,23.42,23.85,23.85,22068100
Apr 27 2021,24.17,24.26,23.57,23.88,23.88,27678300
Apr 26 2021,23.69,24.26,23.46,24.11,24.11,33667600
Apr 23 2021,22.89,23.55,22.74,23.41,23.41,32052800
Apr 22 2021,22.94,23.51,22.51,22.86,22.86,51346400
Apr 21 2021,21.65,22.64,21.43,22.63,22.63,42641400
Apr 20 2021,21.96,22.55,21.24,21.78,21.78,47123100
Apr 19 2021,22.15,22.33,21.53,21.94,21.94,45753900
Apr 16 2021,22.86,23.26,22.30,22.47,22.47,46627700
Apr 15 2021,24.01,24.06,22.69,23.15,23.15,58849300
Apr 14 2021,25.35,26.20,23.65,23.70,23.70,108793800
Apr 13 2021,23.19,25.66,23.12,25.42,25.42,83913500
Apr 12 2021,24.52,24.55,22.73,23.34,23.34,68620800
Apr 9 2021,23.46,24.35,23.37,24.04,24.04,54082700
Apr 8 2021,23.20,23.60,22.74,23.41,23.41,35905500
Apr 7 2021,23.00,23.55,22.81,22.90,22.90,32766200
Apr 6 2021,23.55,23.61,22.83,23.27,23.27,41933500
Apr 5 2021,23.78,24.45,23.34,23.44,23.44,65374300
Apr 1 2021,23.95,23.95,22.73,23.07,23.07,51788800
Mar 31 2021,22.50,23.85,22.38,23.29,23.29,61458500
Mar 30 2021,21.36,22.09,20.86,22.04,22.04,52039700
Mar 29 2021,22.48,22.50,21.39,21.73,21.73,57647400
Mar 26 2021,22.63,23.05,21.76,22.58,22.58,57916400
Mar 25 2021,21.20,22.80,21.05,22.58,22.58,74592600
Mar 24 2021,23.30,23.49,21.75,21.88,21.88,69271900
Mar 23 2021,24.00,24.10,23.10,23.26,23.26,50169700
Mar 22 2021,24.89,24.92,23.86,24.22,24.22,46208100
Mar 19 2021,24.01,24.57,23.39,24.32,24.32,57915900
Mar 18 2021,24.73,25.18,23.78,23.98,23.98,57141400
Mar 17 2021,24.52,25.73,24.30,25.21,25.21,77081700
Mar 16 2021,26.75,27.10,25.23,25.61,25.61,73615100
Mar 15 2021,27.35,27.47,26.31,26.79,26.79,56101500
Mar 12 2021,25.74,26.92,25.18,26.92,26.92,58721900
Mar 11 2021,25.95,26.84,25.58,26.73,26.73,84788700
Mar 10 2021,25.03,26.24,24.27,24.75,24.75,103212800
Mar 9 2021,23.38,24.74,23.10,24.26,24.26,99586500
Mar 8 2021,23.77,24.58,22.40,22.52,22.52,94432800
Mar 5 2021,24.36,24.68,20.18,23.95,23.95,173468600
Mar 4 2021,24.85,25.56,23.05,24.73,24.73,161611200
Mar 3 2021,24.99,25.17,23.43,23.59,23.59,79046200
Mar 2 2021,25.00,25.59,24.26,24.48,24.48,73997000
Mar 1 2021,25.19,25.90,24.62,24.81,24.81,85059900
Feb 26 2021,24.20,24.50,22.70,23.90,23.90,119588600
Feb 25 2021,25.82,26.44,23.15,23.96,23.96,161776400
Feb 24 2021,26.71,27.23,25.75,26.39,26.39,90095700
Feb 23 2021,25.96,27.46,23.90,26.75,26.75,145289400
Feb 22 2021,29.96,30.19,27.54,28.00,28.00,183049500
Feb 19 2021,27.02,29.96,26.90,29.00,29.00,320063700
Feb 18 2021,24.99,26.31,24.50,25.17,25.17,313175100
Feb 17 2021,27.99,29.73,27.00,27.08,27.08,151007000
Feb 16 2021,30.02,30.44,27.30,27.84,27.84,180294300
Feb 12 2021,33.36,33.65,31.34,31.91,31.91,60925600
Feb 11 2021,35.79,35.98,32.61,33.11,33.11,52094900
Feb 10 2021,38.15,38.24,35.00,35.70,35.70,45177200
Feb 9 2021,36.90,38.26,36.13,38.17,38.17,44243200
Feb 8 2021,37.22,39.22,35.89,36.05,36.05,72376000
Feb 5 2021,32.61,35.20,31.75,34.05,34.05,62375300
Feb 4 2021,32.58,33.18,31.05,32.05,32.05,31565000
Feb 3 2021,32.39,32.95,31.38,31.76,31.76,35312000
Feb 2 2021,34.10,34.20,30.50,31.02,31.02,69647900
Feb 1 2021,35.33,35.62,32.58,33.96,33.96,43460900
Jan 29 2021,36.61,38.01,34.66,35.18,35.18,42030900
Jan 28 2021,39.54,42.00,33.10,35.66,35.66,85250700
Jan 27 2021,32.97,45.00,32.25,39.00,39.00,170758800
Jan 26 2021,35.14,36.87,34.32,35.37,35.37,65870000
Jan 25 2021,34.46,39.58,29.56,36.23,36.23,191345300
Jan 22 2021,25.85,32.65,25.82,32.58,32.58,156844700
Jan 21 2021,26.42,26.68,25.30,25.98,25.98,29891400
Jan 20 2021,27.29,27.30,25.70,26.34,26.34,37459000
Jan 19 2021,26.81,27.54,26.00,26.62,26.62,48675800
Jan 15 2021,26.26,28.00,25.46,25.64,25.64,92285500
Jan 14 2021,25.45,25.62,24.37,24.92,24.92,32908000
Jan 13 2021,25.71,27.43,25.13,25.50,25.50,51216600
Jan 12 2021,26.34,26.42,25.51,26.18,26.18,26887200
Jan 11 2021,24.61,26.60,24.31,25.93,25.93,32609000
Jan 8 2021,25.70,26.44,24.70,25.20,25.20,41313800
Jan 7 2021,24.02,25.19,23.67,25.00,25.00,32240000
Jan 6 2021,24.12,24.46,23.25,23.54,23.54,32732900
Jan 5 2021,23.18,24.67,22.89,24.60,24.60,29050400
Jan 4 2021,23.91,24.50,22.50,23.37,23.37,44970400
Dec 31 2020,24.63,24.72,23.52,23.55,23.55,39922500
Dec 30 2020,24.97,25.91,24.63,25.10,25.10,34586700
Dec 29 2020,25.75,26.18,24.34,24.66,24.66,47302400
Dec 28 2020,28.39,28.59,25.40,25.63,25.63,55878700
Dec 24 2020,28.80,29.16,27.52,27.75,27.75,26306800
Dec 23 2020,28.95,29.39,28.05,28.69,28.69,58772200
Dec 22 2020,29.03,29.42,26.82,28.04,28.04,66033100
Dec 21 2020,26.19,28.70,25.40,28.51,28.51,76729100
Dec 18 2020,26.27,26.85,25.80,25.97,25.97,71042900
Dec 17 2020,26.52,27.45,26.05,27.23,27.23,53829800
Dec 16 2020,25.71,26.16,25.11,25.92,25.92,44013400
Dec 15 2020,26.82,27.10,25.52,26.43,26.43,49273200
Dec 14 2020,28.26,28.26,26.73,27.24,27.24,44734500
Dec 11 2020,27.15,28.27,26.06,27.20,27.20,52764400
Dec 10 2020,25.54,28.04,25.15,27.04,27.04,57774800
Dec 9 2020,28.68,28.85,25.33,26.63,26.63,79634700
Dec 8 2020,30.63,31.24,27.25,28.59,28.59,124754300
Dec 7 2020,24.44,29.00,24.44,28.94,28.94,118463700
Dec 4 2020,24.88,25.24,23.51,23.85,23.85,56044100
Dec 3 2020,23.55,25.62,23.50,24.03,24.03,85634300
Dec 2 2020,22.24,23.40,21.15,22.51,22.51,149062100
Dec 1 2020,28.09,28.14,24.45,25.67,25.67,84050000
Nov 30 2020,28.24,30.15,24.11,27.11,27.11,137243000
Nov 27 2020,31.19,33.50,26.12,27.66,27.66,207834000
Nov 25 2020,23.96,29.75,23.69,29.05,29.05,202563700
Nov 24 2020,22.35,24.27,20.63,23.82,23.82,115468800
Nov 23 2020,18.63,21.45,18.57,21.04,21.04,84716300
Nov 20 2020,19.03,19.66,18.00,18.15,18.15,72104000
Nov 19 2020,18.50,18.98,17.96,18.98,18.98,56225400
Nov 18 2020,18.28,19.25,17.54,17.90,17.90,89957900
Nov 17 2020,16.29,18.75,16.18,17.85,17.85,116618500
Nov 16 2020,15.96,16.10,15.01,15.93,15.93,65326000
Nov 13 2020,14.49,16.00,14.49,15.80,15.80,76354800
Nov 12 2020,16.66,17.06,14.41,14.58,14.58,97904000
Nov 11 2020,14.57,15.97,14.40,15.96,15.96,47027900
Nov 10 2020,14.99,15.01,13.18,14.00,14.00,38078700
Nov 9 2020,14.96,15.90,14.11,14.67,14.67,60099000
Nov 6 2020,12.22,14.96,12.05,13.83,13.83,89977600
Nov 5 2020,10.90,12.13,10.85,11.88,11.88,48560400
Nov 4 2020,10.82,10.92,10.55,10.72,10.72,15783400
Nov 3 2020,10.57,10.94,10.44,10.50,10.50,21652800
Nov 2 2020,10.23,10.57,10.23,10.54,10.54,11677800
Oct 30 2020,10.61,10.68,9.85,10.13,10.13,19705500
Oct 29 2020,10.90,11.10,10.56,10.75,10.75,20515700
Oct 28 2020,10.66,10.98,10.10,10.85,10.85,30941700
Oct 27 2020,10.00,11.04,9.92,10.95,10.95,53695900
Oct 26 2020,9.72,9.97,9.60,9.95,9.95,23767300
Oct 23 2020,9.71,9.83,9.47,9.49,9.49,12618000
Oct 22 2020,9.37,9.75,9.22,9.68,9.68,17928600
Oct 21 2020,9.30,9.48,9.20,9.20,9.20,9190000
Oct 20 2020,9.60,9.66,9.27,9.27,9.27,11138200
Oct 19 2020,9.79,9.82,9.53,9.57,9.57,9126400
Oct 16 2020,9.94,9.95,9.66,9.71,9.71,11142500
Oct 15 2020,9.27,9.91,9.18,9.91,9.91,12924100
Oct 14 2020,9.60,9.66,9.29,9.34,9.34,13652600
Oct 13 2020,9.88,9.88,9.41,9.47,9.47,21847200
Oct 12 2020,10.04,10.05,9.66,9.89,9.89,20623600
Oct 9 2020,10.13,10.19,9.89,9.95,9.95,19653500
Oct 8 2020,10.29,10.40,9.99,10.00,10.00,34989200
Oct 7 2020,10.04,10.49,9.99,10.00,10.00,54672400
Oct 6 2020,9.04,10.18,8.90,9.90,9.90,90864000
Oct 5 2020,9.43,9.49,8.92,9.03,9.03,36316900
Oct 2 2020,9.06,9.28,8.94,9.20,9.20,55018300
Oct 1 2020,9.69,10.10,9.23,9.46,9.46,124297600
Sep 30 2020,10.00,11.41,9.11,9.50,9.50,338584400
